created_at,id_str,full_text,quote_count,reply_count,retweet_count,favorite_count,lang,user_id_str,conversation_id_str,username,tweet_url
Thu Aug 17 15:09:39 +0000 2023,1.69219E+18,Ahok Sebut Kendaraan Listrik Bukan Solusi,0,0,0,0,in,236178979,1.69218E+18,e_gabagus,https://twitter.com/e_gabagus/status/1692184862663569887
Thu Aug 17 14:58:11 +0000 2023,1.69219E+18,Pernah suatu waktu ke sanghay liat peradaban modernisasi kendaraan listrik 70% lebih besar dari konven. All infrastruktur dari charge station,0,0,3,0,in,2925550519,1.69218E+18,lerkvd,https://twitter.com/lerkvd/status/1692181174112944389
Thu Aug 17 14:41:25 +0000 2023,1.69218E+18,Kan repot kalo pake kendaraan listrik.,0,1,0,0,in,1.67723E+18,1.69217E+18,arisupriyatno_,https://twitter.com/arisupriyatno_/status/1692170934789267671
Thu Aug 17 14:26:45 +0000 2023,1.69218E+18,alhamdulillah udah pada pake kendaraan listrik semua berarti âš¡âš¡âš¡,0,0,0,0,in,1.3079E+18,1.69206E+18,penjiah,https://twitter.com/penjiah/status/1692142488616923287
Thu Aug 17 13:55:37 +0000 2023,1.69217E+18,@SateDimas @fdstlk @uknee11 @Outstandjing Lho lho ... Gak jelas nih orang ğŸ¤£ğŸ¤£ğŸ¤£  Katanya mau ramah lingkungan.  Pembangkit Listrik batu bara menyumbang emisi karbon tinggi.   Percuma kendaraan listrik kalo masih pakai pembangkit dgn emisi karbon yg,0,0,0,0,in,1.20388E+18,1.69213E+18,antarabiz,https://twitter.com/antarabiz/status/1692128412725551431
Thu Aug 17 13:46:04 +0000 2023,1.69217E+18,Masalah polusi udara di gaungkan dan di beritakn sedemikian heboh dgn segala dampak dan konsekuensi nya di beberapa kota besar negeri ini. Tapi beberapa minggu yang lalu banyak berita untuk kendaraan listrik sampai ada banyak subsidi dari pemerintah. Oh mungkin ini kebetulan saja,0,0,0,0,in,9.44181E+17,1.69213E+18,inewsdotid,https://twitter.com/inewsdotid/status/1692126624836165772
Thu Aug 17 12:51:00 +0000 2023,1.69216E+18,Uji Ketahanan Kendaraan Listrik di GIIAS 2023,0,0,0,0,in,1.63269E+18,1.69199E+18,astadewa079,https://twitter.com/astadewa079/status/1692117139476607393
Thu Aug 17 11:53:02 +0000 2023,1.69214E+18,@kozirama kalo udh bnyk kendaraan listrik gini apakah nantinya bakal pada asal colok aja? Bakal ada kemungkinan pencurian listrik bakal marak terjadi dong ya apalagi sekali colok gini mudah bgt wkwk,0,0,0,1,in,1.38551E+18,1.69211E+18,ThePhraseID,https://twitter.com/ThePhraseID/status/1692114042981437515
Thu Aug 17 11:41:24 +0000 2023,1.69214E+18,Ahok Sebut Kendaraan Listrik Bukan Solusi,0,0,0,1,in,69595629,1.6921E+18,kpgnj,https://twitter.com/kpgnj/status/1692107507513381162
Thu Aug 17 11:38:19 +0000 2023,1.69214E+18,4. Diversifikasi Sumber Energi: Kendaraan listrik mengandalkan sumber energi listrik,0,0,0,0,in,1.03613E+18,1.69211E+18,dreperonlen,https://twitter.com/dreperonlen/status/1692107220962709614
Thu Aug 17 10:57:06 +0000 2023,1.69213E+18,Pengembangan kendaraan listrik dorong percepatan transformasi ekonomi https://t.co/E7InS6nl2Y,0,0,0,0,in,1.6757E+18,1.6921E+18,trenasiadotcom,https://twitter.com/trenasiadotcom/status/1692099462163038455
Thu Aug 17 10:50:00 +0000 2023,1.69213E+18,Pentingnya Edukasi Penanganan Kebakaran pada Kendaraan Listrik https://t.co/ELZHTWlpgM,0,0,0,0,in,132078023,1.6921E+18,officialinews_,https://twitter.com/officialinews_/status/1692095419147223265
Thu Aug 17 10:12:18 +0000 2023,1.69212E+18,@kompascom Pake masker pak sama kendaraan listrik,0,0,1,0,in,1854261536,1.69209E+18,sabhatansabiz,https://twitter.com/sabhatansabiz/status/1692091433342345672
Thu Aug 17 10:00:00 +0000 2023,1.69211E+18,Volvo Cars resmi kembali hadir di Indonesia dan pamerkan lini kendaraan listrik di GIIAS 2023! #ThePhraseID #Volvo #VolvoCars #EV #BEV #PHEV #GIIAS #GIIAS2023 #cars #mobil #automotive #otomotif  https://t.co/REhUiX3REy,0,0,1,1,in,3271146871,1.69209E+18,XHIndonesia,https://twitter.com/XHIndonesia/status/1692091392628277435
Thu Aug 17 09:34:02 +0000 2023,1.69211E+18,"@tsetiady Satu lagi:  Buzzer kendaraan listrik solusinya!""  ğŸ˜ƒ""",0,0,6,5,in,69595629,1.69209E+18,kpgnj,https://twitter.com/kpgnj/status/1692090480153231567
Thu Aug 17 09:32:53 +0000 2023,1.69211E+18,Solusi biar gak ada polusi: Ganti gaya hidup Beli kendaraan listrik ğŸ¥°ğŸ¥°ğŸ¥°ğŸ¥°,0,0,0,0,in,580611452,1.69207E+18,Rian69TKH,https://twitter.com/Rian69TKH/status/1692086523263635922
Thu Aug 17 09:02:04 +0000 2023,1.6921E+18,Morris Garages (MG) Rencanakan Buka Pabrik Kendaraan Listrik di Indonesia #TrenAsia https://t.co/3dmwwjjjRi,0,0,0,1,in,1.23837E+18,1.69173E+18,Kucingnangiss,https://twitter.com/Kucingnangiss/status/1692086137073111042
Thu Aug 17 09:01:20 +0000 2023,1.6921E+18,#Paripurna31 #RAPBN2024 Pidato Presiden RI: sisi supply maupun demand untuk menstimulus investasi dan penggunaan kendaraan listrik oleh masyarakat secara luas. Untuk menjaga agar pelaksanaan transformasi berjalan efektif,0,2,0,2,in,1.33407E+18,1.69208E+18,RagilSemar,https://twitter.com/RagilSemar/status/1692076141367201860
Thu Aug 17 08:46:00 +0000 2023,1.6921E+18,Pentingnya Edukasi Penanganan Kebakaran pada Kendaraan Listrik https://t.co/FUYFvHTar1,0,0,0,0,in,7.62815E+17,1.69204E+18,naufalrief,https://twitter.com/naufalrief/status/1692058306645512428
Thu Aug 17 08:30:09 +0000 2023,1.69209E+18,Texas di AS akan kenakan biaya tambahan pada kendaraan listrik https://t.co/OkN2mRDuR5,0,0,0,0,in,1.60485E+18,1.69171E+18,jhon19854529,https://twitter.com/jhon19854529/status/1692057748886925573
Thu Aug 17 08:30:00 +0000 2023,1.69209E+18,Texas di AS akan kenakan biaya tambahan pada kendaraan listrik https://t.co/iyFvqfwBxx https://t.co/xovz8AsXEU,0,0,0,0,in,1.63434E+18,1.6917E+18,AurantiAnti,https://twitter.com/AurantiAnti/status/1692056644988084506
Thu Aug 17 08:26:22 +0000 2023,1.69209E+18,"Kendaraan listrik solusinya!""  ğŸ¤¡ğŸ’©""",0,0,0,0,in,2190190774,1.69167E+18,boimfals55,https://twitter.com/boimfals55/status/1692027324042989879
Thu Aug 17 08:10:39 +0000 2023,1.69209E+18,@musniumar Penggunaan energi terbarukan dan memperbanyak taman kota setuju. Kalau sensor bukan solusi mengatasi kualitas udara dan satu lagi bukannya pak Anies pernah mengatakan bahwa kendaraan listrik bukan solusi dalam mengatasi pencemaran udara ? Tlg K,0,1,0,9,in,30831266,1.69202E+18,Subhanologi,https://twitter.com/Subhanologi/status/1692025714806243721
Thu Aug 17 08:09:07 +0000 2023,1.69209E+18,@tempodotco Mereka naik kendaraan listrik katanya,0,0,0,0,in,310132875,1.69202E+18,dunantupang,https://twitter.com/dunantupang/status/1692023534225363296
Thu Aug 17 07:29:24 +0000 2023,1.69208E+18,@WongAlasRoban 1. Hapus Pertalite 2. Bikin pajak polusi 3. Subsidi kendaraan listrik  Cuan semua itu....,0,0,0,0,in,1.28594E+18,1.692E+18,ScherazadeMS,https://twitter.com/ScherazadeMS/status/1692022928454701567
Thu Aug 17 06:57:42 +0000 2023,1.69207E+18,@dom_otk Tenang bung ntar kendaraan akan disubsidi kendaraan listrik semua,0,1,0,13,in,1.28594E+18,1.692E+18,ScherazadeMS,https://twitter.com/ScherazadeMS/status/1692020361423118754
Thu Aug 17 06:18:31 +0000 2023,1.69206E+18,@duokerto buzzer marketing penjualan kendaraan listrik,0,0,0,5,in,801836522,1.69202E+18,MireinaRiviere,https://twitter.com/MireinaRiviere/status/1692017392090857932
Thu Aug 17 06:17:34 +0000 2023,1.69206E+18,Sekarang beralih ke kendaraan listrik jadi jauh lebih  mudah. Jadi tunggu apa lagi! Yuk,0,0,0,0,in,117275907,1.69174E+18,fauzirahman87,https://twitter.com/fauzirahman87/status/1692017067577553220
Thu Aug 17 06:16:18 +0000 2023,1.69206E+18,@tvOneNews Promosi kendaraan listrik,0,1,1,0,in,2862109627,1.69167E+18,FelixSGL1,https://twitter.com/FelixSGL1/status/1692007325081768433
Thu Aug 17 06:11:55 +0000 2023,1.69206E+18,@tempodotco Ada bisnisn kendaraan listrik yang menantiğŸ«£,0,1,0,1,in,50087081,1.692E+18,satriyazul,https://twitter.com/satriyazul/status/1692000865773588630
Thu Aug 17 05:36:22 +0000 2023,1.69205E+18,Oh ya?! menurut Ahok tinggal yang mana yang bisa menyiapkan lebih cepat dan Pertamina siap dengan hidrogen. Kendaraan listrik bukan solusi.  Ahok Sebut Kendaraan Listrik Bukan Solusi,0,0,0,0,in,1.6396E+18,1.69199E+18,recommendeath,https://twitter.com/recommendeath/status/1691992692547633395
Thu Aug 17 04:15:25 +0000 2023,1.69203E+18,@abigailimuriaa Biar pada beli kendaraan listrik kak. Udah kebaca pola nya wkwk,0,0,0,0,in,70894633,1.69167E+18,fefeniaku,https://twitter.com/fefeniaku/status/1691981968517562734
Thu Aug 17 04:12:50 +0000 2023,1.69203E+18,Apakah salah satu solusi mengurangi polusi dengan dengan beralih ke kendaraan listrik,0,0,0,1,in,3196411004,1.69167E+18,hypeeeabis__,https://twitter.com/hypeeeabis__/status/1691981277057142982
Thu Aug 17 04:09:01 +0000 2023,1.69203E+18,@tempodotco subsidi BBM yg dibutuhkan rakyat dipangkas. alasannya rakyat harus mandiri. skr malah tiket kereta api cepat dan pembelian kendaraan listrik mau disubsidi. random amat sehhh...,0,0,0,0,in,1.50199E+18,1.69125E+18,Abahpurwa1,https://twitter.com/Abahpurwa1/status/1691972918715330893
Thu Aug 17 04:00:21 +0000 2023,1.69202E+18,Sudah makin bisa untuk semakin lantang bersuara agar masyarakat pake kendaraan listrik.,0,1,0,0,in,1.4468E+18,1.6917E+18,triliuner007,https://twitter.com/triliuner007/status/1691963981118968277
Thu Aug 17 03:59:03 +0000 2023,1.69202E+18,Begini Ramalan Kondisi Emiten Otomotif di Tengah Maraknya Kendaraan Listrik?: Seperti yang sudah kita ketahui,0,0,0,0,in,252012500,1.69167E+18,cepotnova,https://twitter.com/cepotnova/status/1691963566738620563
Thu Aug 17 03:57:57 +0000 2023,1.69202E+18,@agoenk_dzeko Tapi tetap jualan kendaraan listrik.,0,0,0,2,in,47596019,1.69196E+18,liputan6dotcom,https://twitter.com/liputan6dotcom/status/1691963049702256919
Thu Aug 17 03:47:45 +0000 2023,1.69202E+18,@agoenk_dzeko Adanya keinginan jualan kendaraan listrik.,0,0,3,31,in,1.33407E+18,1.69196E+18,RagilSemar,https://twitter.com/RagilSemar/status/1691961486623797710
Thu Aug 17 03:41:32 +0000 2023,1.69202E+18,@txtdrjkt Dan malah pemerintah jdikan ajang promosi kendaraan listrik,0,0,0,0,in,1.52965E+18,1.69191E+18,denahbiru,https://twitter.com/denahbiru/status/1691908599428387321
Thu Aug 17 03:35:57 +0000 2023,1.69202E+18,Ada yang mau jualan kendaraan listrik lah. Apalagi?,0,0,0,0,in,8.66689E+17,1.69167E+18,mrul_prasandi,https://twitter.com/mrul_prasandi/status/1691903696546975992
Thu Aug 17 03:34:39 +0000 2023,1.69202E+18,@mr_rsptra @MustaamK90296 @wildanrofie @Dennysiregar7 Yang dikritik kendaraan listrik pribadi di subsidi..,0,0,0,0,in,802087826,1.69188E+18,ziikrullah,https://twitter.com/ziikrullah/status/1691878236312187099
Thu Aug 17 02:55:56 +0000 2023,1.69201E+18,@oppungjuntao Kirain ada solusi kebaruan/inovatif or perubahannya. Ternyata sama aja n sebagian udah dioptimalkan Pemerintah atau minimal dimulai : 1. Nambah alat ukur udara 2. Transisi ke EBT bertahap (jangka panjang) 3. Kendaraan Listrik apalagi Bus  4.,0,0,1,1,in,1.10279E+18,1.69187E+18,100kpjcom,https://twitter.com/100kpjcom/status/1691866419661815879
Thu Aug 17 02:30:16 +0000 2023,1.692E+18,Kendaraan listrik di Indonesia kalau sekarang itu manfaatnya lebih ke efisiensi supply-demand energi listrik daripada mengurangi polusi.,0,0,0,0,in,574517784,1.69186E+18,penyihirmerlin,https://twitter.com/penyihirmerlin/status/1691863786804969830
Thu Aug 17 02:17:33 +0000 2023,1.692E+18,@gishradana @Dennysiregar7 Bulan kemarin bilangnya kendaraan listrik tak bisa selesaikan isu polusi ,0,1,0,0,in,987259916,1.69186E+18,rizkyyyunus,https://twitter.com/rizkyyyunus/status/1691859029595930712
Thu Aug 17 01:57:48 +0000 2023,1.69199E+18,alias fak buat kendaraan listrik ama air purifier akal2an influencer,0,0,0,0,in,1.24427E+18,1.69186E+18,gyugemoy,https://twitter.com/gyugemoy/status/1691857658138317117
Thu Aug 17 01:18:08 +0000 2023,1.69198E+18,Sekarang beralih ke kendaraan listrik jadi jauh lebih mudah. Jadi tunggu apa lagi! Yuk,0,0,0,0,in,394012067,1.69167E+18,suryahisme,https://twitter.com/suryahisme/status/1691841341842755699
Thu Aug 17 01:15:11 +0000 2023,1.69198E+18,@abigailimuriaa Ikn sama kendaraan listrik,0,0,0,0,in,2282951814,1.69167E+18,freezeduck,https://twitter.com/freezeduck/status/1691839474203029985
Thu Aug 17 01:12:26 +0000 2023,1.69198E+18,@abigailimuriaa Melanjutkan promosi kendaraan listrik.,0,0,0,0,in,1.24297E+18,1.69167E+18,priharsa,https://twitter.com/priharsa/status/1691836295759515808
Thu Aug 17 00:39:13 +0000 2023,1.69197E+18,@txtdrjkt Modus supaya kendaraan listrik laku,0,1,0,0,in,1.63587E+18,1.69183E+18,travoice0401,https://twitter.com/travoice0401/status/1691834861299069099
Thu Aug 17 00:30:34 +0000 2023,1.69197E+18,@GerryS kalo pltu sbg sebab utama selain emisi carbon dr ranmor (yg harusnya dibatasi umur &amp aturan emisi) ato program kendaraan listrik yg diremehin,0,0,0,0,in,283846222,1.69167E+18,cak_ipho,https://twitter.com/cak_ipho/status/1691834850909770151
Thu Aug 17 00:03:42 +0000 2023,1.69196E+18,@EdwardSimb38933 @tempodotco Kendaraan listrik emisinya tinggi kata si capres mokondo.,0,4,3,2,in,236639447,1.69182E+18,XdokterbaikX,https://twitter.com/XdokterbaikX/status/1691823492491055554
Thu Aug 17 00:02:04 +0000 2023,1.69196E+18,@abigailimuriaa IKN dan kendaraan listrik tentunya,0,0,0,0,in,1.28747E+18,1.69182E+18,kromosom64,https://twitter.com/kromosom64/status/1691822439196398079
Thu Aug 17 00:00:00 +0000 2023,1.69196E+18,Gaji PNS naikÂ 2024 tentu jadi angin segar bagi ASN. Ada juga subsidi kendaraan listrik. Intip apa saja program ekonomi terakhir era Jokowi... https://t.co/McHOpdRMa3,0,1,0,0,in,227635776,1.69182E+18,melkibens,https://twitter.com/melkibens/status/1691821288606834779
Wed Aug 16 23:53:48 +0000 2023,1.69196E+18,@juhaiman15 Lho itu kesaktiannya Bisa untuk:  * promosi IKN * bikin pajak baru * promosi kendaraan listrik * ngilangin BBM murah  Semua bermuara ke cuan cuan cuan,0,0,0,8,in,52656555,1.69167E+18,sastridiahayu,https://twitter.com/sastridiahayu/status/1691821270101532966
Wed Aug 16 23:08:43 +0000 2023,1.69195E+18,@abigailimuriaa Poinnya adalah bapak L terhormat punya perusahaan kendaraan listrik,0,0,11,0,in,7.72986E+17,1.69181E+18,Herlina_Muachhh,https://twitter.com/Herlina_Muachhh/status/1691814882159575323
Wed Aug 16 20:23:38 +0000 2023,1.69191E+18,Wah keren nih! Honda dan Pertamina Kolaborasi Riset Penggunaan Mobil Listrik untuk Niaga Urban. Semoga berjalan sukses sebagai langkah strategis dalam pengembangan ekosistem baterai dan kendaraan listrik.  https://t.co/YJSqVsuE1t,0,0,0,0,in,1.48663E+18,1.69167E+18,kaurismakies,https://twitter.com/kaurismakies/status/1691809064710259146
Wed Aug 16 20:04:09 +0000 2023,1.6919E+18,@abigailimuriaa Kendaraan listrik wkwkwk,0,0,0,0,in,2392460208,1.69181E+18,jawapos,https://twitter.com/jawapos/status/1691809033269686491
Wed Aug 16 18:22:59 +0000 2023,1.69188E+18,Kendaraan listrik dianggap bisa mengurangi polusi aja uda aneh,0,0,0,0,in,1.6757E+18,1.69181E+18,trenasiadotcom,https://twitter.com/trenasiadotcom/status/1691807667252248817
Wed Aug 16 18:19:59 +0000 2023,1.69188E+18,gua sebenarnya udah lumayan agak lama resah tentang kendaraan listrik. itu sebenarnya tujuan kendaraan listrik apaan si mengurangi macet? ya enggak,0,0,0,0,in,1665077960,1.69167E+18,Adamyuio_,https://twitter.com/Adamyuio_/status/1691807308123193740
Wed Aug 16 17:55:19 +0000 2023,1.69187E+18,Valuasi pasar saham pembuat kendaraan listrik Vietnam VinFast telah melonjak menjadi setara Rp 1.300 Triliun di bursa New York. Mengalahkan Ford. Kini VinFast berekspansi membangun pabrik di AS,0,0,0,0,in,1.56989E+18,1.69181E+18,honeyrainhoney,https://twitter.com/honeyrainhoney/status/1691805065021911058
Wed Aug 16 17:43:52 +0000 2023,1.69187E+18,@abigailimuriaa Ada isu trs nanti yg buat regulator buat peraturan kendaraan listrik,0,0,0,0,in,1124081610,1.69174E+18,LutviAdi,https://twitter.com/LutviAdi/status/1691803536001262020
Wed Aug 16 17:36:02 +0000 2023,1.69187E+18,KNKT Ingatkan Pentingnya Penanganan yang Jelas pada Kecelakaan Kendaraan Listrik https://t.co/yVWh9pBMj9,0,0,0,0,in,1.04735E+18,1.69167E+18,pasardarurat,https://twitter.com/pasardarurat/status/1691803298763080042
Wed Aug 16 17:25:34 +0000 2023,1.69186E+18,Faktor kendaraan listrik Karena perusahaan kendaraan listrik yang dimiliki lingkaran istana Sudah dikasih subsidi tapi masyarakat masih banyak belum melirik kendaraan listrik Makanya isssue polusi bisa jadi ujung tombak untuk mengarahkan masyarakat ke kendaraan listrik,0,0,0,4,in,64622098,1.6918E+18,mbahndi,https://twitter.com/mbahndi/status/1691803206417043695
Wed Aug 16 17:06:40 +0000 2023,1.69186E+18,Entahlah juga? Kendaraan listrik mengurangi polusi atau sebaliknya?,0,1,0,1,in,3249664333,1.69167E+18,alvinrio_1501,https://twitter.com/alvinrio_1501/status/1691802367342293238
Wed Aug 16 17:01:13 +0000 2023,1.69186E+18,Mengingat masif &amp  cepatnya pemberitaan ttg isu ini... kek agak tdk organik y bund. Plg buat promo kendaraan listrik &amp  IKN fufuf,0,0,0,0,in,1.65196E+18,1.6918E+18,RevaldiRevv,https://twitter.com/RevaldiRevv/status/1691800907737141343
Wed Aug 16 16:23:16 +0000 2023,1.69185E+18,"Alah ini paling polusi dibiarin aja trus nanti dijadiin momen buat jualan kendaraan listrik sama si itu""",0,0,0,0,in,2619356568,1.6918E+18,hzvniv,https://twitter.com/hzvniv/status/1691799914853134354
Wed Aug 16 16:13:16 +0000 2023,1.69185E+18,@LiarRonin @kejungkal @EwoRahmadi @kompascom Seinget saya blio ngomong dlm konteks kendaraan pribadi. Krna utk jadi kendaraan pribadi mmg ga efektif. Kendaraan listrik (pribadi) sama aja ga ramah lingkungan,0,0,0,0,in,1.20388E+18,1.6918E+18,antarabiz,https://twitter.com/antarabiz/status/1691798744633860582
Wed Aug 16 15:56:23 +0000 2023,1.69184E+18,@abigailimuriaa Sekalian jual kendaraan listrik sih sepertinya,0,0,0,0,in,2280138415,1.69167E+18,biasaaa,https://twitter.com/biasaaa/status/1691796310528266262
Wed Aug 16 15:48:58 +0000 2023,1.69184E+18,@abigailimuriaa kendaraan listrik?,0,0,0,0,in,79237556,1.69179E+18,kompasmuda,https://twitter.com/kompasmuda/status/1691794643480949014
Wed Aug 16 15:36:20 +0000 2023,1.69184E+18,@abigailimuriaa Biar pada beli kendaraan listrik. Kalau beli kendaraan listrik kan harus naikin daya listrik dulu. Biaya listrik rumah tangga jadi bengkak. PLTU butuh batubara lebih banyak. Lebih cuan deh.,0,0,0,0,in,524251195,1.69167E+18,bayuola,https://twitter.com/bayuola/status/1691793227756793992
Wed Aug 16 15:30:38 +0000 2023,1.69183E+18,Dengan tumbuhnya pelanggan yang menggunakan home charging ini menjadi sinyal positif pertumbuhan kendaraan listrik di Indonesia.  #PLNAkselerasiEBT #PLNDukungEkosistemKBLBB #PLNElectrifyingYou,0,0,0,0,in,155456716,1.69179E+18,KompasKlasika,https://twitter.com/KompasKlasika/status/1691793157019619819
Wed Aug 16 15:30:35 +0000 2023,1.69183E+18,@abigailimuriaa Mendukung subsidi sales kendaraan listrik yang kebetulan owner-nya adalah para pejab,0,0,0,0,in,1.60396E+18,1.69179E+18,dikstyani,https://twitter.com/dikstyani/status/1691793010324131995
Wed Aug 16 15:05:40 +0000 2023,1.69183E+18,Sekarang beralih ke kendaraan listrik jadi jauh lebih mudah. Jadi tunggu apa lagi! Yuk,0,0,0,0,in,255866913,1.69179E+18,hariankompas,https://twitter.com/hariankompas/status/1691791061486538887
Wed Aug 16 14:45:27 +0000 2023,1.69182E+18,Solusi dari pemerintah mengatasi polusi udara perkotaan adalah kendaraan listrik.  Sementara beberapa pembangkit listrik berbahan bakar batubara berada di sekeliling perkotaan.  Mungkin logikanya kudu sedikit diservis.,0,0,0,1,in,1.26172E+18,1.69179E+18,tpiboonggg,https://twitter.com/tpiboonggg/status/1691789108400791641
Wed Aug 16 14:41:16 +0000 2023,1.69182E+18,Apa biar pada pake kendaraan listrik?ğŸ™ƒ,0,0,0,0,in,1.27277E+18,1.69179E+18,Virsi6,https://twitter.com/Virsi6/status/1691788940167246271
Wed Aug 16 14:40:27 +0000 2023,1.69182E+18,Andhika mengatakan mineral nikel adalah bahan yang digunakan dalam pembuatan baterai kendaraan listrik,0,0,0,1,in,822947941,1.69179E+18,akufelfel,https://twitter.com/akufelfel/status/1691787975896821915
Wed Aug 16 14:36:42 +0000 2023,1.69182E+18,@lelah_hidup Intinya beli kendaraan listrik,0,0,0,1,in,1070022894,1.69179E+18,viavianiii,https://twitter.com/viavianiii/status/1691787198558019843
Wed Aug 16 14:36:37 +0000 2023,1.69182E+18,@abigailimuriaa Karena kendaraan listrik gak si? Tp kaya blunder gitu loh karena buat nge-charge kendaraannya kan butuh listrik. Jadi ujung2nya pembangkit listrik yg pake batu bara tetep jalan terus,0,0,0,1,in,2309824208,1.69179E+18,canputtt,https://twitter.com/canputtt/status/1691786315053035683
Wed Aug 16 14:33:41 +0000 2023,1.69182E+18,Andhika mengatakan mineral nikel adalah bahan yang digunakan dalam pembuatan baterai kendaraan listrik,0,0,0,1,in,1.60557E+18,1.6914E+18,SyairHak,https://twitter.com/SyairHak/status/1691785415630737904
Wed Aug 16 14:27:20 +0000 2023,1.69182E+18,Andhika mengatakan mineral nikel adalah bahan yang digunakan dalam pembuatan baterai kendaraan listrik,0,0,0,0,in,1.60382E+18,1.69144E+18,kenshin2023,https://twitter.com/kenshin2023/status/1691783727750549588
Wed Aug 16 14:20:09 +0000 2023,1.69182E+18,@abigailimuriaa penjualan kendaraan listrik,0,0,0,0,in,1.67186E+18,1.69145E+18,AJegrik74528,https://twitter.com/AJegrik74528/status/1691781206743060869
Wed Aug 16 14:11:14 +0000 2023,1.69181E+18,Berburu Investor Baterai Kendaraan Listrik Sampai Korea - Head Topics #PrabowoUntukSemua #PrabowoSubianto #Jokowinomics https://t.co/9yvbph71cS,0,1,0,0,in,2601743988,1.69177E+18,plnuidbali,https://twitter.com/plnuidbali/status/1691772498227167623
Wed Aug 16 14:11:09 +0000 2023,1.69181E+18,Jokowi Beberkan Alasan Beri Insentif Kendaraan Listrik,0,0,0,2,in,1.68332E+18,1.69177E+18,Cebi_Nusantara,https://twitter.com/Cebi_Nusantara/status/1691771984924008891
Wed Aug 16 13:48:07 +0000 2023,1.69181E+18,@abigailimuriaa @0tk0il 1. Ada yg mau bisnis kendaraan listrik 2. Pindah ikn,0,1,0,0,in,9.20333E+17,1.69177E+18,vabinho_28,https://twitter.com/vabinho_28/status/1691770034518171932
Wed Aug 16 13:48:00 +0000 2023,1.69181E+18,INDEF Dorong Transisi Kendaraan Listrik untuk Atasi Polusi Jakarta  https://t.co/rOhKtAQ1Fv,0,1,0,0,in,1.26486E+18,1.69177E+18,Anak_Senja90,https://twitter.com/Anak_Senja90/status/1691767369654272035
Wed Aug 16 13:42:34 +0000 2023,1.69181E+18,Jokowi: Insentif Kendaraan Listrik Akan Tingkatkan Minat Investasi #TrenAsia https://t.co/Qu18QIZ8E4,0,0,0,0,in,1.38055E+18,1.69177E+18,potretmanadoid,https://twitter.com/potretmanadoid/status/1691766132984995932
Wed Aug 16 13:41:09 +0000 2023,1.69181E+18,@abigailimuriaa untuk mendorong proyek kendaraan listrik. EAAAKKKK. wkwkwkwk,0,2,0,1,in,1708997184,1.69174E+18,alexboy897,https://twitter.com/alexboy897/status/1691763544042410255
Wed Aug 16 13:35:14 +0000 2023,1.69181E+18,kendaraan listrik pribadi harusnya hanya sebagai kendaraan alternatif saja. kalaupun iya polusi udara disebabkan karena banyaknya kendaraan bermotor,0,1,0,0,in,1.26674E+18,1.69169E+18,Al_amoana,https://twitter.com/Al_amoana/status/1691763134548373740
Wed Aug 16 13:32:14 +0000 2023,1.69181E+18,Naiknya barengan sama kendaraan listrik yang akhir akhir ini beneran muncul di mana mana..,0,0,1,2,in,525085025,1.69176E+18,biuzzrj,https://twitter.com/biuzzrj/status/1691761249829445634
Wed Aug 16 13:26:09 +0000 2023,1.6918E+18,@Dennysiregar7 Poin ke 1 nga dapet bukan solusi lebih ke cara nge check  Poin ke 2 - 3  sama kek program pemerintah sekarang pindah ke kendaraan listrik  Poin ke 4 rada repot gimana caranya bikin taman kota kalok lahan nya susah siapa yg mau di gusur,0,0,0,0,in,1.19478E+18,1.69144E+18,RadenMaskuu,https://twitter.com/RadenMaskuu/status/1691760506762391842
Wed Aug 16 13:25:53 +0000 2023,1.6918E+18,@abigailimuriaa Sales kendaraan listrik. Pemerintah dengan segala sumber dayanya,0,0,0,0,in,7.85367E+17,1.69108E+18,Rubkaryo323,https://twitter.com/Rubkaryo323/status/1691759571461955974
Wed Aug 16 13:25:13 +0000 2023,1.6918E+18,@abigailimuriaa Kendaraan listrik,0,0,0,0,in,1.6757E+18,1.69175E+18,trenasiadotcom,https://twitter.com/trenasiadotcom/status/1691750920156274979
Wed Aug 16 13:24:51 +0000 2023,1.6918E+18,Mau ganti ke kendaraan listrik tapi sumber listriknya dari PLTU yang bakar batubara.  Kayaknya masih ada harapan buat para retailer menahan saham batubara ya @desmondwira ğŸ˜†,0,0,0,0,in,1.62288E+18,1.69125E+18,Gw_Scorpio,https://twitter.com/Gw_Scorpio/status/1691746807238541778
Wed Aug 16 13:22:32 +0000 2023,1.6918E+18,Valuasi pasar saham pembuat kendaraan listrik Vietnam VinFast telah melonjak menjadi setara Rp 1.300 Triliun di bursa New York. Mengalahkan Ford. Kini VinFast berekspansi membangun pabrik di AS,0,1,1,0,in,231355136,1.69175E+18,SINDOnews,https://twitter.com/SINDOnews/status/1691746620847632624
Wed Aug 16 13:21:31 +0000 2023,1.6918E+18,@abigailimuriaa Alesannya biar kendaraan listrik kejual Atau ga alibi tae pindah IKN,0,1,0,0,in,8.90123E+17,1.69174E+18,gedrive_,https://twitter.com/gedrive_/status/1691744669523439976
Wed Aug 16 13:21:01 +0000 2023,1.6918E+18,@Jeon_SungHye Sama promosi kendaraan listrik,0,1,1,2,in,154102750,1.69174E+18,Beritasatu,https://twitter.com/Beritasatu/status/1691741109591117959
Wed Aug 16 13:17:39 +0000 2023,1.6918E+18,jualan kendaraan listrik lah,0,0,4,16,in,1.62248E+18,1.69173E+18,vanc1Bozz,https://twitter.com/vanc1Bozz/status/1691734237542764801
Wed Aug 16 13:15:43 +0000 2023,1.6918E+18,Ada yng mau Jualan kendaraan listrik ğŸ±ğŸ±,,,,,,,,,
Wed Aug 16 13:11:46 +0000 2023,1.6918E+18,Kendaraan Listrik,,,,,,,,,
Wed Aug 16 13:07:07 +0000 2023,1.6918E+18,Pelaku industri dukung pengurangan emisi karbon via kendaraan listrik https://t.co/OwaSl0xobE,,,,,,,,,
Wed Aug 16 12:57:27 +0000 2023,1.6918E+18,@abigailimuriaa karena kendaraan listrik gak laku,,,,,,,,,
Wed Aug 16 12:50:49 +0000 2023,1.69179E+18,Sejumlah wilayah Jabar yang menjadi daerah penyangga Jakarta akan menerapkan beberapa strategi untuk mengurangi polusi udara. Upaya itu antara lain dengan mendorong penggunaan kendaraan listrik dan transportasi umum. #Nusantara #AdadiKompas  https://t.co/uYiPCrXKRF,,,,,,,,,
Wed Aug 16 12:45:12 +0000 2023,1.69179E+18,@abigailimuriaa Urgensi jualan kendaraan listrik,,,,,,,,,
Wed Aug 16 12:44:55 +0000 2023,1.69179E+18,Sejumlah wilayah Jabar yang menjadi daerah penyangga Jakarta akan menerapkan beberapa strategi untuk mengurangi polusi udara. Upaya itu antara lain dengan mendorong penggunaan kendaraan listrik dan transportasi umum. #Nusantara #AdadiKompas  https://t.co/g5IqSuEojH,,,,,,,,,
Wed Aug 16 12:44:20 +0000 2023,1.69179E+18,Sebenernya suatu kemenangan ya untuk orang2 yang emang fokus di EBT (termasuk saya). Jadi orang2 tau bahaya PLTU sebesar apa.  Cuma malah jadi ladang promosi kendaraan listrik. Oalaaah ğŸ˜…,,,,,,,,,
Wed Aug 16 12:37:28 +0000 2023,1.69179E+18,Jilid  1 Para pejabat kompak viralkan  plandemik covid  Jilid 2 Sibuk atur proyek Nickel  Jilid 3 Kendaraan listrik  Jilid 4 Polusi  Harusnya  polusi diviralkan di jilid 3,,,,,,,,,
Wed Aug 16 12:36:35 +0000 2023,1.69179E+18,Sejumlah wilayah Jabar yang menjadi daerah penyangga Jakarta akan menerapkan beberapa strategi untuk mengurangi polusi udara. Upaya itu antara lain dengan mendorong penggunaan kendaraan listrik dan transportasi umum. #Nusantara #AdadiKompas    https://t.co/lRQp7oEU5t,,,,,,,,,
Wed Aug 16 12:30:56 +0000 2023,1.69179E+18,@hp99_op @arraghib @hrdbacot Kendaraan listrik cuma memindahkan polusi di kota,,,,,,,,,
Wed Aug 16 12:28:50 +0000 2023,1.69179E+18,Potensi tersebut membuat Indonesia mempunyai sumber daya yang kuat untuk baterai kendaraan listrik sehingga potensi suplai energi transportasi banyak digunakan dan juga ramah lingkungan. #GanjarKomitmenEnergi   https://t.co/9sytReJJFo,,,,,,,,,
Wed Aug 16 12:28:09 +0000 2023,1.69179E+18,Setelah  Maui  Hawaii  Apa alasan kebakaran masif ? Alasannya bumi semakin panas Global warning Polusi. Solusinya kendaraan listrik.  Macam plandemik aja. Solusinya vaksin dan online. Tapi pejabat G20 nya malah bikin polusi saat berkumpul dan enggan pakai  konferensi online. ğŸ˜µ,,,,,,,,,
Wed Aug 16 12:24:20 +0000 2023,1.69179E+18,Potensi tersebut membuat Indonesia mempunyai sumber daya yang kuat untuk baterai kendaraan listrik sehingga potensi suplai energi transportasi banyak digunakan dan juga ramah lingkungan. #GanjarKomitmenEnergi   https://t.co/e9ZcXWRGaq,,,,,,,,,
Wed Aug 16 12:21:14 +0000 2023,1.69179E+18,Potensi tersebut membuat Indonesia mempunyai sumber daya yang kuat untuk baterai kendaraan listrik sehingga potensi suplai energi transportasi banyak digunakan dan juga ramah lingkungan. #GanjarKomitmenEnergi   https://t.co/Ya0tWyx0mS,,,,,,,,,
Wed Aug 16 12:17:44 +0000 2023,1.69179E+18,Potensi tersebut membuat Indonesia mempunyai sumber daya yang kuat untuk baterai kendaraan listrik sehingga potensi suplai energi transportasi banyak digunakan dan juga ramah lingkungan. #GanjarKomitmenEnergi   https://t.co/7n83oTMeOH,,,,,,,,,
Wed Aug 16 12:14:29 +0000 2023,1.69179E+18,Sekarang beralih ke kendaraan listrik jadi jauh lebih mudah. Jadi tunggu apa lagi! Yuk,,,,,,,,,
Wed Aug 16 12:14:09 +0000 2023,1.69179E+18,@PartaiSocmed Solusinya kendaraan listrik.ğŸ˜‚ https://t.co/FE0f7QxIM1,,,,,,,,,
Wed Aug 16 12:07:27 +0000 2023,1.69178E+18,@detikcom POKOKNYA KENDARAAN LISTRIK HARUS LAKU,,,,,,,,,
Wed Aug 16 12:02:13 +0000 2023,1.69178E+18,@CNNIndonesia ğŸ˜Š.. pantaslah Udara Jakarta yang sudah biasa di sebut sebut Terburuk di dunia.. rupanya selain Kendaraan Listrik,,,,,,,,,
Wed Aug 16 11:57:26 +0000 2023,1.69178E+18,@CNNIndonesia Hehehe... Gak usah sebut Udara Jakarta buruk deh.. sudahlah... Kalau mau bisnis Kendaraan Listrik itu ya silahkan saja.. yg bisa beli Orang kaya dan kalau mau beri mereka subsidi juga ya terserah.. Rakyat kecil bisa apa..? Protes..? Malah di,,,,,,,,,
Wed Aug 16 11:30:05 +0000 2023,1.69177E+18,@Tha_Daisuke @wildanrofie @Dennysiregar7 Pointnya: 1. Perbanyak alat monitor kualitas udara 2. Perubahan energy batu bara menjadi energy terbarukan (tapi beliau bilang ini prosesnya panjang sih) 3. Kendaraan listrik,,,,,,,,,
Wed Aug 16 11:28:28 +0000 2023,1.69177E+18,@KompasTV Kendaraan listrik tapi pembangkit listriknya pakai batubara hadehh,,,,,,,,,
Wed Aug 16 11:28:24 +0000 2023,1.69177E+18,@adarwis Pak @jokowi @PemprovBanten mohon segera dicarikan solusinya. Kendaraan listrik pribadi bukan solusi yang tepat,,,,,,,,,
Wed Aug 16 11:22:49 +0000 2023,1.69177E+18,Dengan tumbuhnya pelanggan yang menggunakan home charging ini menjadi sinyal positif pertumbuhan kendaraan listrik di Indonesia. #PLN #PLNUntukIndonesia #HomeChargingPLN #ElectricVehicle #PLNAkselerasiEBT #PLNDukungEkosistemKBLBB #PLNElectrifyingYou #RevitalisasiListrikIstana https://t.co/X7uC1XEDx7,,,,,,,,,
Wed Aug 16 11:20:47 +0000 2023,1.69177E+18,@detikcom Makanya Presiden bekerja keras membangun infrastruktur dan smelter terbesar didunia utk mengilah hasil tambang sendiri seperti nikel utk bahan batre.  Semua akan kendaraan listrik utk mengurangi polusi dan pemakaian minyak bumi.  Semua dilakukan,,,,,,,,,
Wed Aug 16 11:13:02 +0000 2023,1.69177E+18,Potensi tersebut membuat Indonesia mempunyai sumber daya yang kuat untuk baterai kendaraan listrik sehingga potensi suplai energi transportasi banyak digunakan dan juga ramah lingkungan. #GanjarKomitmenEnergi https://t.co/R5LoId189i,,,,,,,,,
Wed Aug 16 11:02:27 +0000 2023,1.69177E+18,Potensi tersebut membuat Indonesia mempunyai sumber daya yang kuat untuk baterai kendaraan listrik sehingga potensi suplai energi transportasi banyak digunakan dan juga ramah lingkungan. #GanjarKomitmenEnergi https://t.co/RO3OVwyuTz,,,,,,,,,
Wed Aug 16 10:57:32 +0000 2023,1.69177E+18,INDEF Dorong Penggunaan Kendaraan Listrik untuk Atasi Polusi Jakarta https://t.co/h53IESOxQL,,,,,,,,,
Wed Aug 16 10:47:15 +0000 2023,1.69176E+18,@dehery13 @sa_ongko @wildanrofie @Dennysiregar7 kan sama saja tong. anies bilang polusi dari kendaraan listrik lebih bnyk dari pada yg pakai bbm,,,,,,,,,
Wed Aug 16 10:45:37 +0000 2023,1.69176E+18,@syahdansaladin @yusuf_dumdum Lah.. rokigerung kan atheis. Apa mungkin karena lu mabok pencitraan semua jadi dibalik-balik?  Subsidi pupuk dikurangi Subsidi BBM dikurangi Subsidi listrik dikurangi  Kendaraan listrik disubsidi besar-besaran KCIC LRT disubs,,,,,,,,,
Wed Aug 16 10:38:08 +0000 2023,1.69176E+18,Terjemahan = saya jualan dan mendukung kendaraan listrik pribadi,,,,,,,,,
Wed Aug 16 10:35:10 +0000 2023,1.69176E+18,@detikcom Antara 2 kmgkinan. Beralih ibukota dan beralih ke kendaraan listrik. Hahaha dah itu aja strateginya diotak gw.,,,,,,,,,
Wed Aug 16 10:31:27 +0000 2023,1.69176E+18,@papa_loren Kendaraan listrik terutama sepeda sudah terjadi (7 jt) ....,,,,,,,,,
Wed Aug 16 10:22:56 +0000 2023,1.69176E+18,@sa_ongko @wildanrofie @Dennysiregar7 kritik kendaraan listrik,,,,,,,,,
Wed Aug 16 09:57:05 +0000 2023,1.69175E+18,INDEF Dorong Transisi Kendaraan Listrik demi Atasi Polusi Jakarta #TrenAsia https://t.co/142XeYlBk5,,,,,,,,,
Wed Aug 16 09:43:51 +0000 2023,1.69175E+18,@abigailimuriaa Kayanya ada yg mau jualan kendaraan listrik,,,,,,,,,
Wed Aug 16 09:40:44 +0000 2023,1.69175E+18,@musyafasholi @txtdrjkt Pengen cepet laku kendaraan listrik nya,,,,,,,,,
Wed Aug 16 09:40:00 +0000 2023,1.69175E+18,Ahok sebut kendaraan listrik bukan solusi https://t.co/Tfr52mWUfm,,,,,,,,,
Wed Aug 16 09:32:14 +0000 2023,1.69174E+18,Menhub solutif memperbaiki transportasi umumâŒ Menhub ajak masyarakat yg tinggal di negara dengan tingkat pengangguran tertinggi kedua di ASEAN dengan cara beralih ke kendaraan listrik âœ…  ğŸ¤ğŸ¤ğŸ¤  https://t.co/Uivu0w2ix6 https://t.co/r3ZRhe4WA2,,,,,,,,,
Wed Aug 16 09:25:27 +0000 2023,1.69174E+18,Valuasi pasar saham pembuat kendaraan listrik Vietnam VinFast telah melonjak menjadi setara Rp 1.300 Triliun di bursa New York. Mengalahkan Ford. Kini VinFast berekspansi membangun pabrik di AS,,,,,,,,,
Wed Aug 16 09:18:06 +0000 2023,1.69174E+18,Program Insentif Kendaraan Listrik Tetap Dijalankan pada 2024 https://t.co/p2uY9K39ip,,,,,,,,,
Wed Aug 16 09:17:44 +0000 2023,1.69174E+18,@ferrdihidayat Beli kendaraan listrik donk,,,,,,,,,
Wed Aug 16 08:50:47 +0000 2023,1.69173E+18,Subsidi tiket kereta cepat dan kendaraan listrik itu pro rakyat?? Gile lu ndro! ğŸ™„,,,,,,,,,
Wed Aug 16 08:44:32 +0000 2023,1.69173E+18,Sekarang beralih ke kendaraan listrik jadi jauh lebih mudah. Jadi tunggu apa lagi! Yuk,,,,,,,,,
